1,Jojo_Chong,this feedback is for review purpose from jojo,thank you thank you,24/05/2023 05:20
2,angel,this feedback is for review purpose from angel,this is reply,31/05/2023 15:22
3,Jojo_Chong,this feedback is for second review purpose jojo,thank you thank you,19/05/2023 05:20
4,kaelok,this feedback is for review purpose,thank you thank you,28/05/2023 05:20
5,Jojo_Chong,this feedback is for review purpose from jojo,thank you thank you,24/05/2023 05:20
6,Jojo_Chong,this feedback is for second review purpose jojo,thank you thank you,19/05/2023 05:20
7,kaelok,this feedback is for review purpose,thank you thank you,28/05/2023 05:20
8,Jojo_Chong,this feedback is for review purpose from jojo,thank you thank you,24/05/2023 05:20
9,Jojo_Chong,this feedback is for second review purpose jojo,thank you thank you,19/05/2023 05:20
10,kaelok,this feedback is for review purpose,thank you thank you,28/05/2023 05:20
11,Jojo_Chong,this feedback is for review purpose from jojo,thank you thank you,24/05/2023 05:20
12,Jojo_Chong,this feedback is for second review purpose jojo,thank you thank you,19/05/2023 05:20
13,kaelok,this feedback is for review purpose,thank you thank you,28/05/2023 05:20
14,Jojo_Chong,this feedback is for review purpose from jojo,thank you thank you,24/05/2023 05:20
15,Jojo_Chong,this feedback is for second review purpose jojo,thank you thank you,19/05/2023 05:20
16,kaelok,this feedback is for review purpose,thank you thank you,28/05/2023 05:20
17,Jojo_Chong,this feedback is for review purpose from jojo,thank you thank you,24/05/2023 05:20
18,Jojo_Chong,this feedback is for second review purpose jojo,thank you thank you,19/05/2023 05:20
19,kaelok,this feedback is for review purpose,thank you thank you,28/05/2023 05:20
